idx	block1	block2	chrom	block1_end	block2_start	distance	block1_size	block2_size	block1_variants	block2_variants	block1_informative_reads	block2_informative_reads	block1_reads	block2_reads	hair_interblock	all_interblock_reads	block1_concordance	block2_concordance
0	2	32	000000F	9894	29393	19499	4525	6736	2	3	35	56	124	147	0	826	{2: {'hap1': (45, 9), 'hap2': (16, 0)}}	{32: {'hap1': (34, 8), 'hap2': (82, 3)}}
1	32	37	000000F	36129	67661	31532	6736	256920	3	142	56	1722	147	4626	0	949	{32: {'hap1': (34, 8), 'hap2': (82, 3)}}	{37: {'hap1': (4100, 452), 'hap2': (3722, 337)}}
2	37	233	000000F	324581	367158	42577	256920	122514	142	120	1722	1123	4626	1839	0	645	{37: {'hap1': (4100, 452), 'hap2': (3722, 337)}}	{233: {'hap1': (3761, 319), 'hap2': (3392, 336)}}
3	233	382	000000F	489672	647942	158270	122514	16007	120	3	1123	53	1839	252	0	2171	{233: {'hap1': (3761, 319), 'hap2': (3392, 336)}}	{382: {'hap1': (41, 2), 'hap2': (65, 0)}}
4	382	398	000000F	663949	786438	122489	16007	10933	3	5	53	85	252	209	0	1588	{382: {'hap1': (41, 2), 'hap2': (65, 0)}}	{398: {'hap1': (78, 13), 'hap2': (154, 0)}}
5	398	406	000000F	797371	814779	17408	10933	101807	5	20	85	316	209	1389	0	266	{398: {'hap1': (78, 13), 'hap2': (154, 0)}}	{406: {'hap1': (352, 73), 'hap2': (359, 24)}}
6	406	444	000000F	916586	944680	28094	101807	58631	20	14	316	182	1389	869	0	396	{406: {'hap1': (352, 73), 'hap2': (359, 24)}}	{444: {'hap1': (223, 55), 'hap2': (272, 26)}}
7	444	470	000000F	1003311	1019989	16678	58631	49457	14	16	182	205	869	628	0	262	{444: {'hap1': (223, 55), 'hap2': (272, 26)}}	{470: {'hap1': (349, 41), 'hap2': (331, 25)}}
8	470	488	000000F	1069446	1085375	15929	49457	127938	16	43	205	526	628	1601	0	318	{470: {'hap1': (349, 41), 'hap2': (331, 25)}}	{488: {'hap1': (785, 132), 'hap2': (1286, 43)}}
9	488	552	000000F	1213313	1225126	11813	127938	607865	43	464	526	4095	1601	7417	0	190	{488: {'hap1': (785, 132), 'hap2': (1286, 43)}}	{552: {'hap1': (11899, 1231), 'hap2': (11157, 1362)}}
10	552	1160	000000F	1832991	1876214	43223	607865	7053	464	24	4095	68	7417	258	0	641	{552: {'hap1': (11899, 1231), 'hap2': (11157, 1362)}}	{1160: {'hap1': (781, 102), 'hap2': (2, 1)}}
11	1160	1205	000000F	1883267	1920508	37241	7053	44227	24	76	68	129	258	711	0	478	{1160: {'hap1': (781, 102), 'hap2': (2, 1)}}	{1205: {'hap1': (64, 47), 'hap2': (3691, 310)}}
12	1205	1325	000000F	1964735	2039042	74307	44227	444471	76	377	129	3227	711	5323	0	949	{1205: {'hap1': (64, 47), 'hap2': (3691, 310)}}	{1325: {'hap1': (8873, 1091), 'hap2': (11162, 730)}}
13	1325	1777	000000F	2483513	2501062	17549	444471	54589	377	38	3227	391	5323	1084	0	385	{1325: {'hap1': (8873, 1091), 'hap2': (11162, 730)}}	{1777: {'hap1': (1326, 337), 'hap2': (507, 35)}}
14	1777	1829	000000F	2555651	2576607	20956	54589	11747	38	3	391	43	1084	198	0	314	{1777: {'hap1': (1326, 337), 'hap2': (507, 35)}}	{1829: {'hap1': (50, 6), 'hap2': (35, 1)}}
15	1829	1835	000000F	2588354	2611699	23345	11747	192039	3	106	43	1179	198	2431	0	359	{1829: {'hap1': (50, 6), 'hap2': (35, 1)}}	{1835: {'hap1': (2648, 403), 'hap2': (2532, 272)}}
16	1835	1963	000000F	2803738	2847178	43440	192039	12001	106	10	1179	68	2431	239	0	605	{1835: {'hap1': (2648, 403), 'hap2': (2532, 272)}}	{1963: {'hap1': (14, 10), 'hap2': (390, 67)}}
17	1963	1993	000000F	2859179	2946728	87549	12001	4573	10	2	68	16	239	139	0	1177	{1963: {'hap1': (14, 10), 'hap2': (390, 67)}}	{1993: {'hap1': (4, 4), 'hap2': (24, 0)}}
18	1993	2003	000000F	2951301	3006681	55380	4573	14713	2	2	16	1	139	208	0	711	{1993: {'hap1': (4, 4), 'hap2': (24, 0)}}	{2003: {'hap1': (0, 0), 'hap2': (2, 0)}}
19	2003	2010	000000F	3021394	3035106	13712	14713	238935	2	230	1	1788	208	3116	0	231	{2003: {'hap1': (0, 0), 'hap2': (2, 0)}}	{2010: {'hap1': (7609, 864), 'hap2': (3840, 399)}}
20	2010	2308	000000F	3274041	3289332	15291	238935	254947	230	172	1788	1288	3116	3066	0	241	{2010: {'hap1': (7609, 864), 'hap2': (3840, 399)}}	{2308: {'hap1': (2020, 378), 'hap2': (5334, 514)}}
21	2308	2608	000000F	3544279	3558445	14166	254947	283199	172	208	1288	1913	3066	3928	0	219	{2308: {'hap1': (2020, 378), 'hap2': (5334, 514)}}	{2608: {'hap1': (5623, 655), 'hap2': (5111, 578)}}
22	2608	2896	000000F	3841644	3856824	15180	283199	32767	208	12	1913	209	3928	443	0	211	{2608: {'hap1': (5623, 655), 'hap2': (5111, 578)}}	{2896: {'hap1': (203, 58), 'hap2': (410, 18)}}
23	2896	2909	000000F	3889591	3912069	22478	32767	27600	12	15	209	159	443	311	0	306	{2896: {'hap1': (203, 58), 'hap2': (410, 18)}}	{2909: {'hap1': (374, 27), 'hap2': (198, 25)}}
24	2909	2927	000000F	3939669	3965102	25433	27600	210520	15	129	159	1199	311	2275	0	351	{2909: {'hap1': (374, 27), 'hap2': (198, 25)}}	{2927: {'hap1': (1915, 259), 'hap2': (3911, 353)}}
25	2927	3087	000000F	4175622	4188951	13329	210520	292446	129	208	1199	1945	2275	3472	0	206	{2927: {'hap1': (1915, 259), 'hap2': (3911, 353)}}	{3087: {'hap1': (5999, 576), 'hap2': (4832, 626)}}
26	3087	3325	000000F	4481397	4553082	71685	292446	122965	208	128	1945	958	3472	1376	0	928	{3087: {'hap1': (5999, 576), 'hap2': (4832, 626)}}	{3325: {'hap1': (3896, 296), 'hap2': (2262, 230)}}
27	3325	3499	000000F	4676047	4732181	56134	122965	95308	128	55	958	493	1376	1148	0	749	{3325: {'hap1': (3896, 296), 'hap2': (2262, 230)}}	{3499: {'hap1': (1158, 201), 'hap2': (1769, 41)}}
28	3499	3568	000000F	4827489	4857261	29772	95308	58230	55	132	493	493	1148	720	0	413	{3499: {'hap1': (1158, 201), 'hap2': (1769, 41)}}	{3568: {'hap1': (2336, 190), 'hap2': (3019, 344)}}
29	3568	3734	000000F	4915491	4992996	77505	58230	8450	132	32	493	64	720	177	0	875	{3568: {'hap1': (2336, 190), 'hap2': (3019, 344)}}	{3734: {'hap1': (5, 5), 'hap2': (1217, 73)}}
30	3734	3799	000000F	5001446	5026148	24702	8450	18276	32	6	64	110	177	244	0	410	{3734: {'hap1': (5, 5), 'hap2': (1217, 73)}}	{3799: {'hap1': (151, 24), 'hap2': (119, 8)}}
31	3799	3814	000000F	5044424	5137537	93113	18276	13202	6	3	110	30	244	214	0	1095	{3799: {'hap1': (151, 24), 'hap2': (119, 8)}}	{3814: {'hap1': (10, 1), 'hap2': (50, 0)}}
32	3814	3823	000000F	5150739	5174227	23488	13202	19379	3	5	30	62	214	227	0	258	{3814: {'hap1': (10, 1), 'hap2': (50, 0)}}	{3823: {'hap1': (74, 6), 'hap2': (93, 7)}}
33	3823	3833	000000F	5193606	5238650	45044	19379	28695	5	9	62	79	227	342	0	471	{3823: {'hap1': (74, 6), 'hap2': (93, 7)}}	{3833: {'hap1': (264, 56), 'hap2': (13, 5)}}
34	3833	3865	000000F	5267345	5326963	59618	28695	172522	9	142	79	1127	342	1826	0	847	{3833: {'hap1': (264, 56), 'hap2': (13, 5)}}	{3865: {'hap1': (2686, 306), 'hap2': (3504, 234)}}
35	3865	4024	000000F	5499485	5522206	22721	172522	10895	142	2	1127	3	1826	183	0	304	{3865: {'hap1': (2686, 306), 'hap2': (3504, 234)}}	{4024: {'hap1': (1, 1), 'hap2': (4, 0)}}
36	4024	4028	000000F	5533101	5546416	13315	10895	75728	2	32	3	445	183	947	0	205	{4024: {'hap1': (1, 1), 'hap2': (4, 0)}}	{4028: {'hap1': (671, 86), 'hap2': (991, 48)}}
37	4028	4061	000000F	5622144	5639309	17165	75728	151935	32	68	445	794	947	1694	0	280	{4028: {'hap1': (671, 86), 'hap2': (991, 48)}}	{4061: {'hap1': (1579, 199), 'hap2': (1667, 69)}}
38	4061	4141	000000F	5791244	5820985	29741	151935	32044	68	19	794	191	1694	399	0	471	{4061: {'hap1': (1579, 199), 'hap2': (1667, 69)}}	{4141: {'hap1': (415, 42), 'hap2': (478, 16)}}
39	4141	4163	000000F	5853029	5889157	36128	32044	484759	19	462	191	4122	399	6758	0	433	{4141: {'hap1': (415, 42), 'hap2': (478, 16)}}	{4163: {'hap1': (10875, 1682), 'hap2': (15956, 2296)}}
40	4163	4706	000000F	6373916	6518471	144555	484759	23239	462	21	4122	175	6758	288	0	1646	{4163: {'hap1': (10875, 1682), 'hap2': (15956, 2296)}}	{4706: {'hap1': (274, 41), 'hap2': (604, 45)}}
41	4706	4736	000000F	6541710	6610334	68624	23239	107058	21	114	175	851	288	1304	0	805	{4706: {'hap1': (274, 41), 'hap2': (604, 45)}}	{4736: {'hap1': (2580, 326), 'hap2': (3726, 208)}}
42	4736	4875	000000F	6717392	6757879	40487	107058	22420	114	19	851	118	1304	353	0	526	{4736: {'hap1': (2580, 326), 'hap2': (3726, 208)}}	{4875: {'hap1': (743, 21), 'hap2': (3, 2)}}
43	4875	4933	000000F	6780299	6889094	108795	22420	3198	19	2	118	31	353	107	0	1288	{4875: {'hap1': (743, 21), 'hap2': (3, 2)}}	{4933: {'hap1': (13, 13), 'hap2': (36, 0)}}
44	4933	4939	000000F	6892292	6951417	59125	3198	25978	2	5	31	72	107	507	0	759	{4933: {'hap1': (13, 13), 'hap2': (36, 0)}}	{4939: {'hap1': (35, 23), 'hap2': (100, 13)}}
45	4939	4962	000000F	6977395	7084960	107565	25978	10603	5	2	72	5	507	242	0	1346	{4939: {'hap1': (35, 23), 'hap2': (100, 13)}}	{4962: {'hap1': (8, 0), 'hap2': (2, 0)}}
46	4962	4968	000000F	7095563	7120378	24815	10603	28449	2	29	5	180	242	310	0	316	{4962: {'hap1': (8, 0), 'hap2': (2, 0)}}	{4968: {'hap1': (661, 22), 'hap2': (406, 71)}}
47	4968	5000	000000F	7148827	7166360	17533	28449	381715	29	257	180	2469	310	4372	0	255	{4968: {'hap1': (661, 22), 'hap2': (406, 71)}}	{5000: {'hap1': (8260, 514), 'hap2': (5956, 568)}}
48	5000	5297	000000F	7548075	7628004	79929	381715	48794	257	7	2469	81	4372	698	0	965	{5000: {'hap1': (8260, 514), 'hap2': (5956, 568)}}	{5297: {'hap1': (84, 6), 'hap2': (82, 1)}}
49	5297	5313	000000F	7676798	7704616	27818	48794	14290	7	4	81	61	698	172	0	309	{5297: {'hap1': (84, 6), 'hap2': (82, 1)}}	{5313: {'hap1': (2, 2), 'hap2': (156, 2)}}
50	5313	5321	000000F	7718906	7737703	18797	14290	73600	4	89	61	557	172	842	0	264	{5313: {'hap1': (2, 2), 'hap2': (156, 2)}}	{5321: {'hap1': (1645, 180), 'hap2': (2436, 300)}}
51	5321	5427	000000F	7811303	7830389	19086	73600	26120	89	22	557	246	842	347	0	269	{5321: {'hap1': (1645, 180), 'hap2': (2436, 300)}}	{5427: {'hap1': (583, 72), 'hap2': (731, 12)}}
52	5427	5449	000000F	7856509	7877638	21129	26120	38643	22	24	246	300	347	454	0	300	{5427: {'hap1': (583, 72), 'hap2': (731, 12)}}	{5449: {'hap1': (486, 55), 'hap2': (749, 11)}}
53	5449	5475	000000F	7916281	7943825	27544	38643	36946	24	29	300	261	454	457	0	380	{5449: {'hap1': (486, 55), 'hap2': (749, 11)}}	{5475: {'hap1': (563, 142), 'hap2': (767, 56)}}
54	5475	5506	000000F	7980771	7994334	13563	36946	13207	29	3	261	29	457	254	0	183	{5475: {'hap1': (563, 142), 'hap2': (767, 56)}}	{5506: {'hap1': (35, 3), 'hap2': (20, 0)}}
55	5506	5510	000000F	8007541	8025649	18108	13207	18169	3	7	29	99	254	233	0	252	{5506: {'hap1': (35, 3), 'hap2': (20, 0)}}	{5510: {'hap1': (130, 21), 'hap2': (105, 9)}}
56	5510	5519	000000F	8043818	8069103	25285	18169	82939	7	99	99	611	233	927	0	263	{5510: {'hap1': (130, 21), 'hap2': (105, 9)}}	{5519: {'hap1': (1554, 325), 'hap2': (2865, 222)}}
57	5519	5624	000000F	8152042	8180458	28416	82939	55107	99	27	611	243	927	707	0	355	{5519: {'hap1': (1554, 325), 'hap2': (2865, 222)}}	{5624: {'hap1': (663, 139), 'hap2': (398, 93)}}
58	5624	5680	000000F	8235565	8263954	28389	55107	11877	27	8	243	86	707	230	0	494	{5624: {'hap1': (663, 139), 'hap2': (398, 93)}}	{5680: {'hap1': (270, 36), 'hap2': (19, 1)}}
59	5680	5707	000000F	8275831	8303258	27427	11877	46307	8	52	86	166	230	723	0	390	{5680: {'hap1': (270, 36), 'hap2': (19, 1)}}	{5707: {'hap1': (28, 16), 'hap2': (1802, 228)}}
60	5707	5784	000000F	8349565	8366778	17213	46307	32761	52	4	166	27	723	442	0	309	{5707: {'hap1': (28, 16), 'hap2': (1802, 228)}}	{5784: {'hap1': (24, 2), 'hap2': (28, 0)}}
61	5784	5800	000000F	8399539	8445202	45663	32761	2773	4	5	27	76	442	100	0	574	{5784: {'hap1': (24, 2), 'hap2': (28, 0)}}	{5800: {'hap1': (324, 2), 'hap2': (0, 0)}}
62	5800	5813	000000F	8447975	8525495	77520	2773	96147	5	34	76	121	100	1206	0	900	{5800: {'hap1': (324, 2), 'hap2': (0, 0)}}	{5813: {'hap1': (1047, 80), 'hap2': (88, 9)}}
63	5813	5870	000000F	8621642	8651977	30335	96147	149723	34	157	121	1047	1206	1779	0	388	{5813: {'hap1': (1047, 80), 'hap2': (88, 9)}}	{5870: {'hap1': (4545, 362), 'hap2': (3778, 337)}}
64	5870	6041	000000F	8801700	8824614	22914	149723	31247	157	101	1047	219	1779	552	0	369	{5870: {'hap1': (4545, 362), 'hap2': (3778, 337)}}	{6041: {'hap1': (2865, 286), 'hap2': (291, 50)}}
65	6041	6192	000000F	8855861	8918438	62577	31247	41404	101	75	219	207	552	898	0	759	{6041: {'hap1': (2865, 286), 'hap2': (291, 50)}}	{6192: {'hap1': (14, 7), 'hap2': (6013, 51)}}
66	6192	6274	000000F	8959842	9019236	59394	41404	7854	75	2	207	5	898	161	0	753	{6192: {'hap1': (14, 7), 'hap2': (6013, 51)}}	{6274: {'hap1': (3, 3), 'hap2': (4, 0)}}
67	6274	6279	000000F	9027090	9064193	37103	7854	39997	2	18	5	204	161	530	0	482	{6274: {'hap1': (3, 3), 'hap2': (4, 0)}}	{6279: {'hap1': (439, 22), 'hap2': (386, 29)}}
68	6279	6305	000000F	9104190	9126462	22272	39997	209637	18	158	204	1276	530	2448	0	295	{6279: {'hap1': (439, 22), 'hap2': (386, 29)}}	{6305: {'hap1': (4413, 398), 'hap2': (3579, 408)}}
69	6305	6508	000000F	9336099	9362338	26239	209637	18921	158	4	1276	40	2448	300	0	624	{6305: {'hap1': (4413, 398), 'hap2': (3579, 408)}}	{6508: {'hap1': (73, 13), 'hap2': (0, 0)}}
70	6508	6517	000000F	9381259	9404063	22804	18921	956550	4	756	40	6313	300	11680	0	325	{6508: {'hap1': (73, 13), 'hap2': (0, 0)}}	{6517: {'hap1': (19635, 2467), 'hap2': (17005, 1971)}}
71	6517	7448	000000F	10360613	10377821	17208	956550	326330	756	225	6313	2158	11680	3715	0	235	{6517: {'hap1': (19635, 2467), 'hap2': (17005, 1971)}}	{7448: {'hap1': (5517, 637), 'hap2': (6582, 368)}}
72	7448	7733	000000F	10704151	10729170	25019	326330	242482	225	226	2158	1608	3715	3356	0	343	{7448: {'hap1': (5517, 637), 'hap2': (6582, 368)}}	{7733: {'hap1': (4694, 470), 'hap2': (5932, 660)}}
73	7733	7998	000000F	10971652	11015319	43667	242482	17861	226	2	1608	1	3356	259	0	504	{7733: {'hap1': (4694, 470), 'hap2': (5932, 660)}}	{7998: {'hap1': (2, 0), 'hap2': (0, 0)}}
74	7998	8007	000000F	11033180	11079433	46253	17861	469412	2	272	1	3296	259	5571	0	557	{7998: {'hap1': (2, 0), 'hap2': (0, 0)}}	{8007: {'hap1': (8128, 765), 'hap2': (6823, 729)}}
75	8007	8342	000000F	11548845	11741289	192444	469412	149236	272	125	3296	1065	5571	1814	0	2238	{8007: {'hap1': (8128, 765), 'hap2': (6823, 729)}}	{8342: {'hap1': (3817, 421), 'hap2': (2879, 320)}}
76	8342	8494	000000F	11890525	11913420	22895	149236	21478	125	6	1065	128	1814	386	0	334	{8342: {'hap1': (3817, 421), 'hap2': (2879, 320)}}	{8494: {'hap1': (57, 23), 'hap2': (219, 8)}}
77	8494	8501	000000F	11934898	11995589	60691	21478	1903	6	5	128	70	386	93	0	757	{8494: {'hap1': (57, 23), 'hap2': (219, 8)}}	{8501: {'hap1': (246, 21), 'hap2': (5, 2)}}
78	8501	8515	000000F	11997492	12052443	54951	1903	712825	5	743	70	5659	93	8902	0	746	{8501: {'hap1': (246, 21), 'hap2': (5, 2)}}	{8515: {'hap1': (23517, 2125), 'hap2': (20051, 2718)}}
79	8515	9399	000000F	12765268	12787528	22260	712825	266741	743	262	5659	2045	8902	3291	0	328	{8515: {'hap1': (23517, 2125), 'hap2': (20051, 2718)}}	{9399: {'hap1': (6596, 823), 'hap2': (6456, 801)}}
80	9399	9733	000000F	13054269	13109645	55376	266741	195662	262	154	2045	1489	3291	2540	0	905	{9399: {'hap1': (6596, 823), 'hap2': (6456, 801)}}	{9733: {'hap1': (5020, 423), 'hap2': (3860, 396)}}
81	9733	9907	000000F	13305307	13323348	18041	195662	26612	154	12	1489	151	2540	312	0	278	{9733: {'hap1': (5020, 423), 'hap2': (3860, 396)}}	{9907: {'hap1': (287, 24), 'hap2': (187, 21)}}
82	9907	9921	000000F	13349960	13363167	13207	26612	209484	12	182	151	1387	312	2811	0	223	{9907: {'hap1': (287, 24), 'hap2': (187, 21)}}	{9921: {'hap1': (3373, 662), 'hap2': (5661, 542)}}
83	9921	10143	000000F	13572651	13589593	16942	209484	153650	182	69	1387	698	2811	2022	0	291	{9921: {'hap1': (3373, 662), 'hap2': (5661, 542)}}	{10143: {'hap1': (1345, 179), 'hap2': (1359, 257)}}
84	10143	10240	000000F	13743243	13771002	27759	153650	210529	69	143	698	1373	2022	2650	0	349	{10143: {'hap1': (1345, 179), 'hap2': (1359, 257)}}	{10240: {'hap1': (3493, 472), 'hap2': (4292, 475)}}
85	10240	10410	000000F	13981531	14001467	19936	210529	122628	143	65	1373	725	2650	1487	0	293	{10240: {'hap1': (3493, 472), 'hap2': (4292, 475)}}	{10410: {'hap1': (2169, 240), 'hap2': (1213, 108)}}
86	10410	10485	000000F	14124095	14164583	40488	122628	8266	65	38	725	86	1487	176	0	570	{10410: {'hap1': (2169, 240), 'hap2': (1213, 108)}}	{10485: {'hap1': (2137, 111), 'hap2': (10, 0)}}
87	10485	10533	000000F	14172849	14279905	107056	8266	25529	38	41	86	122	176	424	0	1270	{10485: {'hap1': (2137, 111), 'hap2': (10, 0)}}	{10533: {'hap1': (1664, 113), 'hap2': (91, 1)}}
88	10533	10585	000000F	14305434	14334473	29039	25529	111948	41	48	122	568	424	1343	0	433	{10533: {'hap1': (1664, 113), 'hap2': (91, 1)}}	{10585: {'hap1': (1092, 167), 'hap2': (1441, 60)}}
89	10585	10645	000000F	14446421	14483092	36671	111948	152443	48	75	568	1031	1343	1776	0	498	{10585: {'hap1': (1092, 167), 'hap2': (1441, 60)}}	{10645: {'hap1': (1904, 331), 'hap2': (1905, 210)}}
90	10645	10727	000000F	14635535	14651204	15669	152443	10953	75	9	1031	144	1776	194	0	228	{10645: {'hap1': (1904, 331), 'hap2': (1905, 210)}}	{10727: {'hap1': (247, 16), 'hap2': (243, 11)}}
91	10727	10737	000000F	14662157	14710608	48451	10953	116915	9	37	144	536	194	1481	0	623	{10727: {'hap1': (247, 16), 'hap2': (243, 11)}}	{10737: {'hap1': (993, 126), 'hap2': (928, 43)}}
92	10737	10778	000000F	14827523	14838570	11047	116915	91701	37	58	536	547	1481	1118	0	162	{10737: {'hap1': (993, 126), 'hap2': (928, 43)}}	{10778: {'hap1': (1060, 121), 'hap2': (1681, 110)}}
93	10778	10862	000000F	14930271	14966122	35851	91701	371682	58	259	547	2277	1118	4445	0	517	{10778: {'hap1': (1060, 121), 'hap2': (1681, 110)}}	{10862: {'hap1': (6683, 829), 'hap2': (6436, 579)}}
94	10862	11225	000000F	15337804	15357978	20174	371682	143721	259	61	2277	860	4445	1769	0	317	{10862: {'hap1': (6683, 829), 'hap2': (6436, 579)}}	{11225: {'hap1': (1435, 207), 'hap2': (1759, 147)}}
95	11225	11302	000000F	15501699	15537982	36283	143721	2584	61	15	860	77	1769	167	0	523	{11225: {'hap1': (1435, 207), 'hap2': (1759, 147)}}	{11302: {'hap1': (7, 3), 'hap2': (726, 66)}}
96	11302	11328	000000F	15540566	15646290	105724	2584	5727	15	19	77	75	167	127	0	1318	{11302: {'hap1': (7, 3), 'hap2': (726, 66)}}	{11328: {'hap1': (753, 111), 'hap2': (10, 5)}}
97	11328	11352	000000F	15652017	15676368	24351	5727	23460	19	8	75	120	127	365	0	295	{11328: {'hap1': (753, 111), 'hap2': (10, 5)}}	{11352: {'hap1': (42, 16), 'hap2': (348, 13)}}
98	11352	11368	000000F	15699828	15806033	106205	23460	14561	8	2	120	3	365	243	0	1226	{11352: {'hap1': (42, 16), 'hap2': (348, 13)}}	{11368: {'hap1': (2, 2), 'hap2': (2, 0)}}
99	11368	11376	000000F	15820594	15844909	24315	14561	1507	2	12	3	62	243	75	0	356	{11368: {'hap1': (2, 2), 'hap2': (2, 0)}}	{11376: {'hap1': (530, 67), 'hap2': (0, 0)}}
100	11376	11391	000000F	15846416	15869035	22619	1507	47898	12	35	62	402	75	632	0	313	{11376: {'hap1': (530, 67), 'hap2': (0, 0)}}	{11391: {'hap1': (885, 93), 'hap2': (1172, 52)}}
101	11391	11431	000000F	15916933	15938999	22066	47898	68994	35	6	402	19	632	970	0	359	{11391: {'hap1': (885, 93), 'hap2': (1172, 52)}}	{11431: {'hap1': (29, 4), 'hap2': (6, 0)}}
102	11431	11452	000000F	16007993	16096925	88932	68994	312105	6	326	19	2410	970	3959	0	1146	{11431: {'hap1': (29, 4), 'hap2': (6, 0)}}	{11452: {'hap1': (6844, 859), 'hap2': (9773, 1152)}}
103	11452	11868	000000F	16409030	16443323	34293	312105	12657	326	4	2410	61	3959	222	0	447	{11452: {'hap1': (6844, 859), 'hap2': (9773, 1152)}}	{11868: {'hap1': (90, 14), 'hap2': (35, 5)}}
104	11868	11873	000000F	16455980	16470487	14507	12657	8325	4	3	61	62	222	180	0	233	{11868: {'hap1': (90, 14), 'hap2': (35, 5)}}	{11873: {'hap1': (101, 4), 'hap2': (34, 0)}}
105	11873	11877	000000F	16478812	16511079	32267	8325	1587	3	2	62	26	180	83	0	405	{11873: {'hap1': (101, 4), 'hap2': (34, 0)}}	{11877: {'hap1': (46, 4), 'hap2': (2, 0)}}
106	11877	11895	000000F	16512666	16597131	84465	1587	360377	2	266	26	2269	83	4709	0	1080	{11877: {'hap1': (46, 4), 'hap2': (2, 0)}}	{11895: {'hap1': (5825, 929), 'hap2': (7367, 551)}}
107	11895	12205	000000F	16957508	16980396	22888	360377	39973	266	60	2269	368	4709	445	0	303	{11895: {'hap1': (5825, 929), 'hap2': (7367, 551)}}	{12205: {'hap1': (1340, 174), 'hap2': (1455, 126)}}
108	12205	12272	000000F	17020369	17075380	55011	39973	103913	60	51	368	551	445	1200	0	670	{12205: {'hap1': (1340, 174), 'hap2': (1455, 126)}}	{12272: {'hap1': (1386, 117), 'hap2': (1112, 107)}}
109	12272	12333	000000F	17179293	17196788	17495	103913	11363	51	2	551	1	1200	190	0	268	{12272: {'hap1': (1386, 117), 'hap2': (1112, 107)}}	{12333: {'hap1': (2, 0), 'hap2': (0, 0)}}
110	12333	12338	000000F	17208151	17233796	25645	11363	31707	2	16	1	198	190	430	0	369	{12333: {'hap1': (2, 0), 'hap2': (0, 0)}}	{12338: {'hap1': (549, 52), 'hap2': (243, 8)}}
111	12338	12363	000000F	17265503	17285843	20340	31707	379658	16	350	198	2575	430	4313	0	312	{12338: {'hap1': (549, 52), 'hap2': (243, 8)}}	{12363: {'hap1': (9095, 1375), 'hap2': (8709, 488)}}
112	12363	12762	000000F	17665501	17717757	52256	379658	229064	350	205	2575	1759	4313	2692	0	549	{12363: {'hap1': (9095, 1375), 'hap2': (8709, 488)}}	{12762: {'hap1': (5631, 599), 'hap2': (4926, 505)}}
113	12762	12980	000000F	17946821	17965376	18555	229064	409152	205	416	1759	2692	2692	4888	0	227	{12762: {'hap1': (5631, 599), 'hap2': (4926, 505)}}	{12980: {'hap1': (9806, 1200), 'hap2': (11709, 1098)}}
114	12980	13454	000000F	18374528	18387166	12638	409152	287557	416	360	2692	2321	4888	3325	0	192	{12980: {'hap1': (9806, 1200), 'hap2': (11709, 1098)}}	{13454: {'hap1': (9797, 1331), 'hap2': (9759, 828)}}
115	13454	13847	000000F	18674723	18690447	15724	287557	40219	360	7	2321	93	3325	522	0	248	{13454: {'hap1': (9797, 1331), 'hap2': (9759, 828)}}	{13847: {'hap1': (172, 21), 'hap2': (24, 7)}}
116	13847	13859	000000F	18730666	18753276	22610	40219	35652	7	12	93	148	522	419	0	305	{13847: {'hap1': (172, 21), 'hap2': (24, 7)}}	{13859: {'hap1': (149, 40), 'hap2': (346, 9)}}
117	13859	13876	000000F	18788928	18809181	20253	35652	189679	12	217	148	1356	419	2278	0	274	{13859: {'hap1': (149, 40), 'hap2': (346, 9)}}	{13876: {'hap1': (4371, 537), 'hap2': (5010, 493)}}
118	13876	14120	000000F	18998860	19072906	74046	189679	21344	217	14	1356	197	2278	467	0	925	{13876: {'hap1': (4371, 537), 'hap2': (5010, 493)}}	{14120: {'hap1': (477, 33), 'hap2': (371, 24)}}
119	14120	14158	000000F	19094250	19139959	45709	21344	5158	14	25	197	66	467	165	0	981	{14120: {'hap1': (477, 33), 'hap2': (371, 24)}}	{14158: {'hap1': (872, 69), 'hap2': (4, 0)}}
120	14158	14202	000000F	19145117	19306150	161033	5158	10649	25	2	66	8	165	259	0	2199	{14158: {'hap1': (872, 69), 'hap2': (4, 0)}}	{14202: {'hap1': (7, 1), 'hap2': (8, 0)}}
121	14202	14205	000000F	19316799	19360373	43574	10649	84374	2	71	8	364	259	1318	0	556	{14202: {'hap1': (7, 1), 'hap2': (8, 0)}}	{14205: {'hap1': (1388, 238), 'hap2': (1605, 93)}}
122	14205	14302	000000F	19444747	19462596	17849	84374	3402	71	2	364	36	1318	115	0	414	{14205: {'hap1': (1388, 238), 'hap2': (1605, 93)}}	{14302: {'hap1': (62, 8), 'hap2': (2, 0)}}
123	14302	14311	000000F	19465998	19535146	69148	3402	4805	2	9	36	97	115	149	0	908	{14302: {'hap1': (62, 8), 'hap2': (2, 0)}}	{14311: {'hap1': (36, 11), 'hap2': (375, 56)}}
124	14311	14338	000000F	19539951	19568755	28804	4805	11013	9	3	97	31	149	191	0	519	{14311: {'hap1': (36, 11), 'hap2': (375, 56)}}	{14338: {'hap1': (58, 7), 'hap2': (0, 0)}}
125	14338	14343	000000F	19579768	19607320	27552	11013	84541	3	79	31	582	191	1111	0	392	{14338: {'hap1': (58, 7), 'hap2': (0, 0)}}	{14343: {'hap1': (3809, 527), 'hap2': (1104, 133)}}
126	14343	14437	000000F	19691861	19729138	37277	84541	1000653	79	835	582	7565	1111	12509	0	512	{14343: {'hap1': (3809, 527), 'hap2': (1104, 133)}}	{14437: {'hap1': (24800, 2633), 'hap2': (21995, 1934)}}
127	14437	15402	000000F	20729791	20745089	15298	1000653	78392	835	80	7565	598	12509	1233	0	262	{14437: {'hap1': (24800, 2633), 'hap2': (21995, 1934)}}	{15402: {'hap1': (2863, 199), 'hap2': (1239, 115)}}
128	15402	15500	000000F	20823481	20846387	22906	78392	1598	80	4	598	70	1233	99	0	314	{15402: {'hap1': (2863, 199), 'hap2': (1239, 115)}}	{15500: {'hap1': (134, 13), 'hap2': (99, 1)}}
129	15500	15505	000000F	20847985	20867905	19920	1598	162976	4	121	70	985	99	1792	0	309	{15500: {'hap1': (134, 13), 'hap2': (99, 1)}}	{15505: {'hap1': (2723, 388), 'hap2': (2821, 178)}}
130	15505	15651	000000F	21030881	21115746	84865	162976	74757	121	44	985	302	1792	1009	0	1326	{15505: {'hap1': (2723, 388), 'hap2': (2821, 178)}}	{15651: {'hap1': (898, 50), 'hap2': (1476, 99)}}
131	15651	15721	000000F	21190503	21291310	100807	74757	18256	44	3	302	21	1009	294	0	1382	{15651: {'hap1': (898, 50), 'hap2': (1476, 99)}}	{15721: {'hap1': (10, 6), 'hap2': (26, 0)}}
132	15721	15735	000000F	21309566	21420555	110989	18256	7791	3	2	21	13	294	198	0	1468	{15721: {'hap1': (10, 6), 'hap2': (26, 0)}}	{15735: {'hap1': (11, 3), 'hap2': (12, 0)}}
133	15735	15740	000000F	21428346	21451924	23578	7791	2219	2	2	13	32	198	96	0	330	{15735: {'hap1': (11, 3), 'hap2': (12, 0)}}	{15740: {'hap1': (44, 20), 'hap2': (0, 0)}}
134	15740	15744	000000F	21454143	21494426	40283	2219	2248	2	2	32	34	96	73	0	466	{15740: {'hap1': (44, 20), 'hap2': (0, 0)}}	{15744: {'hap1': (49, 19), 'hap2': (0, 0)}}
135	15744	15747	000000F	21496674	21538070	41396	2248	14884	2	15	34	136	73	277	0	491	{15744: {'hap1': (49, 19), 'hap2': (0, 0)}}	{15747: {'hap1': (342, 41), 'hap2': (527, 10)}}
136	15747	15766	000000F	21552954	21567673	14719	14884	3138	15	2	136	40	277	139	0	261	{15747: {'hap1': (342, 41), 'hap2': (527, 10)}}	{15766: {'hap1': (70, 10), 'hap2': (0, 0)}}
137	15766	15776	000000F	21570811	21627176	56365	3138	2456	2	2	40	40	139	106	0	753	{15766: {'hap1': (70, 10), 'hap2': (0, 0)}}	{15776: {'hap1': (35, 35), 'hap2': (10, 0)}}
138	15776	15780	000000F	21629632	21688281	58649	2456	58801	2	26	40	276	106	644	0	809	{15776: {'hap1': (35, 35), 'hap2': (10, 0)}}	{15780: {'hap1': (438, 58), 'hap2': (601, 38)}}
139	15780	15815	000000F	21747082	21767760	20678	58801	21901	26	10	276	102	644	302	0	305	{15780: {'hap1': (438, 58), 'hap2': (601, 38)}}	{15815: {'hap1': (234, 69), 'hap2': (52, 5)}}
140	15815	15841	000000F	21789661	21819085	29424	21901	18077	10	3	102	13	302	285	0	380	{15815: {'hap1': (234, 69), 'hap2': (52, 5)}}	{15841: {'hap1': (5, 5), 'hap2': (16, 0)}}
141	15841	15855	000000F	21837162	21922545	85383	18077	397538	3	274	13	2559	285	4758	0	1042	{15841: {'hap1': (5, 5), 'hap2': (16, 0)}}	{15855: {'hap1': (7748, 645), 'hap2': (6227, 846)}}
142	15855	16164	000000F	22320083	22355233	35150	397538	1183	274	2	2559	44	4758	75	0	478	{15855: {'hap1': (7748, 645), 'hap2': (6227, 846)}}	{16164: {'hap1': (32, 20), 'hap2': (36, 0)}}
143	16164	16167	000000F	22356416	22381278	24862	1183	9614	2	2	44	9	75	146	0	343	{16164: {'hap1': (32, 20), 'hap2': (36, 0)}}	{16167: {'hap1': (13, 1), 'hap2': (4, 0)}}
144	16167	16172	000000F	22390892	22413087	22195	9614	131605	2	71	9	808	146	1495	0	323	{16167: {'hap1': (13, 1), 'hap2': (4, 0)}}	{16172: {'hap1': (1711, 164), 'hap2': (2049, 140)}}
145	16172	16256	000000F	22544692	22563176	18484	131605	63600	71	43	808	404	1495	847	0	302	{16172: {'hap1': (1711, 164), 'hap2': (2049, 140)}}	{16256: {'hap1': (1316, 139), 'hap2': (756, 88)}}
146	16256	16303	000000F	22626776	22656067	29291	63600	13926	43	5	404	89	847	218	0	430	{16256: {'hap1': (1316, 139), 'hap2': (756, 88)}}	{16303: {'hap1': (87, 15), 'hap2': (100, 12)}}
147	16303	16312	000000F	22669993	22700209	30216	13926	276555	5	159	89	1627	218	3880	0	385	{16303: {'hap1': (87, 15), 'hap2': (100, 12)}}	{16312: {'hap1': (4165, 390), 'hap2': (4813, 370)}}
148	16312	16511	000000F	22976764	23008182	31418	276555	37039	159	26	1627	185	3880	463	0	435	{16312: {'hap1': (4165, 390), 'hap2': (4813, 370)}}	{16511: {'hap1': (1143, 75), 'hap2': (64, 7)}}
149	16511	16549	000000F	23045221	23063314	18093	37039	10920	26	8	185	105	463	227	0	288	{16511: {'hap1': (1143, 75), 'hap2': (64, 7)}}	{16549: {'hap1': (37, 12), 'hap2': (358, 41)}}
150	16549	16563	000000F	23074234	23090365	16131	10920	4928	8	3	105	58	227	125	0	272	{16549: {'hap1': (37, 12), 'hap2': (358, 41)}}	{16563: {'hap1': (122, 13), 'hap2': (2, 1)}}
151	16563	16569	000000F	23095293	23124233	28940	4928	2750	3	2	58	28	125	126	0	396	{16563: {'hap1': (122, 13), 'hap2': (2, 1)}}	{16569: {'hap1': (1, 1), 'hap2': (54, 0)}}
152	16569	16576	000000F	23126983	23163036	36053	2750	377	2	5	28	55	126	66	0	651	{16569: {'hap1': (1, 1), 'hap2': (54, 0)}}	{16576: {'hap1': (10, 9), 'hap2': (171, 38)}}
153	16576	16587	000000F	23163413	23290245	126832	377	149756	5	86	55	833	66	1853	0	1809	{16576: {'hap1': (10, 9), 'hap2': (171, 38)}}	{16587: {'hap1': (2771, 407), 'hap2': (888, 121)}}
154	16587	16719	000000F	23440001	23464481	24480	149756	10817	86	2	833	9	1853	183	0	367	{16587: {'hap1': (2771, 407), 'hap2': (888, 121)}}	{16719: {'hap1': (3, 3), 'hap2': (12, 0)}}
155	16719	16724	000000F	23475298	23502988	27690	10817	11011	2	2	9	5	183	228	0	430	{16719: {'hap1': (3, 3), 'hap2': (12, 0)}}	{16724: {'hap1': (8, 0), 'hap2': (2, 0)}}
156	16724	16729	000000F	23513999	23524540	10541	11011	4377	2	76	5	74	228	134	0	255	{16724: {'hap1': (8, 0), 'hap2': (2, 0)}}	{16729: {'hap1': (0, 0), 'hap2': (3458, 225)}}
157	16729	16825	000000F	23528917	23550672	21755	4377	347	76	4	74	70	134	87	0	390	{16729: {'hap1': (0, 0), 'hap2': (3458, 225)}}	{16825: {'hap1': (18, 6), 'hap2': (187, 10)}}
158	16825	16849	000000F	23551019	23605694	54675	347	3462	4	2	70	36	87	114	0	719	{16825: {'hap1': (18, 6), 'hap2': (187, 10)}}	{16849: {'hap1': (29, 27), 'hap2': (16, 0)}}
159	16849	16860	000000F	23609156	23627073	17917	3462	9903	2	2	36	6	114	221	0	309	{16849: {'hap1': (29, 27), 'hap2': (16, 0)}}	{16860: {'hap1': (3, 1), 'hap2': (8, 0)}}
160	16860	16867	000000F	23636976	23671691	34715	9903	113642	2	106	6	719	221	1511	0	512	{16860: {'hap1': (3, 1), 'hap2': (8, 0)}}	{16867: {'hap1': (2679, 258), 'hap2': (2895, 224)}}
161	16867	17006	000000F	23785333	23813708	28375	113642	170025	106	146	719	1283	1511	2146	0	449	{16867: {'hap1': (2679, 258), 'hap2': (2895, 224)}}	{17006: {'hap1': (3938, 731), 'hap2': (3984, 360)}}
162	17006	17185	000000F	23983733	24096892	113159	170025	371151	146	350	1283	2910	2146	4966	0	1504	{17006: {'hap1': (3938, 731), 'hap2': (3984, 360)}}	{17185: {'hap1': (11073, 1550), 'hap2': (9821, 685)}}
163	17185	17586	000000F	24468043	24489718	21675	371151	11701	350	5	2910	106	4966	232	0	323	{17185: {'hap1': (11073, 1550), 'hap2': (9821, 685)}}	{17586: {'hap1': (156, 41), 'hap2': (63, 10)}}
164	17586	17594	000000F	24501419	24531133	29714	11701	95038	5	96	106	779	232	1199	0	389	{17586: {'hap1': (156, 41), 'hap2': (63, 10)}}	{17594: {'hap1': (2469, 173), 'hap2': (2784, 300)}}
165	17594	17702	000000F	24626171	24649368	23197	95038	3907	96	19	779	121	1199	143	0	400	{17594: {'hap1': (2469, 173), 'hap2': (2784, 300)}}	{17702: {'hap1': (1109, 89), 'hap2': (0, 0)}}
166	17702	17741	000000F	24653275	24836093	182818	3907	1111	19	23	121	81	143	86	0	2413	{17702: {'hap1': (1109, 89), 'hap2': (0, 0)}}	{17741: {'hap1': (0, 0), 'hap2': (1346, 192)}}
167	17741	17771	000000F	24837204	24875243	38039	1111	2957	23	4	81	60	86	147	0	565	{17741: {'hap1': (0, 0), 'hap2': (1346, 192)}}	{17771: {'hap1': (162, 9), 'hap2': (0, 0)}}
168	17771	17793	000000F	24878200	25044052	165852	2957	14478	4	3	60	53	147	290	0	2033	{17771: {'hap1': (162, 9), 'hap2': (0, 0)}}	{17793: {'hap1': (69, 10), 'hap2': (30, 0)}}
169	17793	17815	000000F	25058530	25223102	164572	14478	2280	3	2	53	38	290	111	0	2129	{17793: {'hap1': (69, 10), 'hap2': (30, 0)}}	{17815: {'hap1': (59, 17), 'hap2': (0, 0)}}
170	17815	17829	000000F	25225382	25353686	128304	2280	561373	2	473	38	4038	111	6748	0	1646	{17815: {'hap1': (59, 17), 'hap2': (0, 0)}}	{17829: {'hap1': (13325, 1479), 'hap2': (12492, 1430)}}
171	17829	18422	000000F	25915059	25937546	22487	561373	1442	473	2	4038	16	6748	58	0	319	{17829: {'hap1': (13325, 1479), 'hap2': (12492, 1430)}}	{18422: {'hap1': (28, 2), 'hap2': (2, 0)}}
172	18422	18424	000000F	25938988	25959631	20643	1442	93350	2	17	16	296	58	1129	0	266	{18422: {'hap1': (28, 2), 'hap2': (2, 0)}}	{18424: {'hap1': (307, 59), 'hap2': (348, 10)}}
173	18424	18449	000000F	26052981	26112252	59271	93350	80843	17	56	296	532	1129	1089	0	807	{18424: {'hap1': (307, 59), 'hap2': (348, 10)}}	{18449: {'hap1': (1148, 333), 'hap2': (1429, 198)}}
174	18449	18516	000000F	26193095	26237274	44179	80843	2214	56	2	532	50	1089	116	0	613	{18449: {'hap1': (1148, 333), 'hap2': (1429, 198)}}	{18516: {'hap1': (33, 5), 'hap2': (62, 0)}}
175	18516	18521	000000F	26239488	26278114	38626	2214	225719	2	231	50	1825	116	2643	0	539	{18516: {'hap1': (33, 5), 'hap2': (62, 0)}}	{18521: {'hap1': (5613, 876), 'hap2': (6248, 407)}}
176	18521	18772	000000F	26503833	26521824	17991	225719	89043	231	68	1825	555	2643	1174	0	239	{18521: {'hap1': (5613, 876), 'hap2': (6248, 407)}}	{18772: {'hap1': (1182, 229), 'hap2': (1998, 420)}}
177	18772	18876	000000F	26610867	26627070	16203	89043	7822	68	7	555	88	1174	137	0	225	{18772: {'hap1': (1182, 229), 'hap2': (1998, 420)}}	{18876: {'hap1': (132, 11), 'hap2': (163, 4)}}
178	18876	18884	000000F	26634892	26655031	20139	7822	156914	7	101	88	855	137	1884	0	294	{18876: {'hap1': (132, 11), 'hap2': (163, 4)}}	{18884: {'hap1': (2172, 350), 'hap2': (2705, 326)}}
179	18884	19016	000000F	26811945	26896739	84794	156914	11851	101	4	855	91	1884	224	0	1247	{18884: {'hap1': (2172, 350), 'hap2': (2705, 326)}}	{19016: {'hap1': (145, 6), 'hap2': (65, 1)}}
180	19016	19023	000000F	26908590	26926522	17932	11851	77875	4	111	91	681	224	948	0	311	{19016: {'hap1': (145, 6), 'hap2': (65, 1)}}	{19023: {'hap1': (2638, 345), 'hap2': (3429, 171)}}
181	19023	19143	000000F	27004397	27024467	20070	77875	8891	111	14	681	77	948	171	0	319	{19023: {'hap1': (2638, 345), 'hap2': (3429, 171)}}	{19143: {'hap1': (34, 8), 'hap2': (504, 71)}}
182	19143	19162	000000F	27033358	27065336	31978	8891	215628	14	226	77	1693	171	2513	0	471	{19143: {'hap1': (34, 8), 'hap2': (504, 71)}}	{19162: {'hap1': (5976, 618), 'hap2': (6522, 539)}}
183	19162	19399	000000F	27280964	27314041	33077	215628	429103	226	482	1693	3243	2513	5264	0	442	{19162: {'hap1': (5976, 618), 'hap2': (6522, 539)}}	{19399: {'hap1': (14123, 1953), 'hap2': (12639, 808)}}
184	19399	19930	000000F	27743144	27765781	22637	429103	40122	482	6	3243	61	5264	552	0	362	{19399: {'hap1': (14123, 1953), 'hap2': (12639, 808)}}	{19930: {'hap1': (55, 9), 'hap2': (61, 0)}}
185	19930	19944	000000F	27805903	27830097	24194	40122	26409	6	3	61	21	552	342	0	327	{19930: {'hap1': (55, 9), 'hap2': (61, 0)}}	{19944: {'hap1': (19, 3), 'hap2': (20, 0)}}
186	19944	19971	000000F	27856506	27901588	45082	26409	79631	3	82	21	630	342	978	0	671	{19944: {'hap1': (19, 3), 'hap2': (20, 0)}}	{19971: {'hap1': (1947, 233), 'hap2': (2427, 272)}}
187	19971	20063	000000F	27981219	28009051	27832	79631	12502	82	2	630	2	978	208	0	431	{19971: {'hap1': (1947, 233), 'hap2': (2427, 272)}}	{20063: {'hap1': (1, 1), 'hap2': (2, 0)}}
188	20063	20068	000000F	28021553	28062079	40526	12502	31856	2	8	2	151	208	433	0	602	{20063: {'hap1': (1, 1), 'hap2': (2, 0)}}	{20068: {'hap1': (182, 34), 'hap2': (154, 8)}}
189	20068	20081	000000F	28093935	28119925	25990	31856	6151	8	2	151	10	433	107	0	308	{20068: {'hap1': (182, 34), 'hap2': (154, 8)}}	{20081: {'hap1': (9, 1), 'hap2': (10, 0)}}
190	20081	20084	000000F	28126076	28148568	22492	6151	11072	2	3	10	49	107	232	0	333	{20081: {'hap1': (9, 1), 'hap2': (10, 0)}}	{20084: {'hap1': (74, 6), 'hap2': (20, 0)}}
191	20084	20110	000000F	28159640	28318981	159341	11072	309928	3	312	49	2452	232	3702	0	1938	{20084: {'hap1': (74, 6), 'hap2': (20, 0)}}	{20110: {'hap1': (8742, 1020), 'hap2': (8324, 974)}}
192	20110	20474	000000F	28628909	28651739	22830	309928	70482	312	66	2452	415	3702	900	0	349	{20110: {'hap1': (8742, 1020), 'hap2': (8324, 974)}}	{20474: {'hap1': (1369, 185), 'hap2': (1941, 230)}}
193	20474	20553	000000F	28722221	28737976	15755	70482	71403	66	86	415	669	900	908	0	244	{20474: {'hap1': (1369, 185), 'hap2': (1941, 230)}}	{20553: {'hap1': (3488, 124), 'hap2': (1709, 287)}}
194	20553	20650	000000F	28809379	28832685	23306	71403	1447395	86	1180	669	9395	908	17971	0	317	{20553: {'hap1': (3488, 124), 'hap2': (1709, 287)}}	{20650: {'hap1': (27123, 3600), 'hap2': (28726, 3117)}}
195	20650	22144	000000F	30280080	30303265	23185	1447395	5513	1180	2	9395	29	17971	122	0	384	{20650: {'hap1': (27123, 3600), 'hap2': (28726, 3117)}}	{22144: {'hap1': (34, 2), 'hap2': (22, 0)}}
196	22144	22147	000000F	30308778	30352312	43534	5513	22413	2	4	29	37	122	341	0	544	{22144: {'hap1': (34, 2), 'hap2': (22, 0)}}	{22147: {'hap1': (17, 13), 'hap2': (45, 1)}}
197	22147	22153	000000F	30374725	30415016	40291	22413	1557	4	11	37	64	341	85	0	594	{22147: {'hap1': (17, 13), 'hap2': (45, 1)}}	{22153: {'hap1': (29, 19), 'hap2': (441, 71)}}
198	22153	22179	000000F	30416573	30479757	63184	1557	7424	11	3	64	73	85	160	0	839	{22153: {'hap1': (29, 19), 'hap2': (441, 71)}}	{22179: {'hap1': (88, 7), 'hap2': (67, 2)}}
199	22179	22183	000000F	30487181	30514749	27568	7424	179506	3	144	73	1240	160	2288	0	427	{22179: {'hap1': (88, 7), 'hap2': (67, 2)}}	{22183: {'hap1': (4268, 441), 'hap2': (4111, 383)}}
200	22183	22351	000000F	30694255	30706846	12591	179506	533	144	10	1240	49	2288	55	0	236	{22183: {'hap1': (4268, 441), 'hap2': (4111, 383)}}	{22351: {'hap1': (317, 91), 'hap2': (23, 10)}}
201	22351	22365	000000F	30707379	30722278	14899	533	124359	10	91	49	656	55	1641	0	270	{22351: {'hap1': (317, 91), 'hap2': (23, 10)}}	{22365: {'hap1': (1976, 314), 'hap2': (2446, 113)}}
202	22365	22464	000000F	30846637	30875534	28897	124359	242247	91	234	656	1873	1641	2761	0	413	{22365: {'hap1': (1976, 314), 'hap2': (2446, 113)}}	{22464: {'hap1': (7462, 623), 'hap2': (5037, 665)}}
203	22464	22725	000000F	31117781	31180721	62940	242247	243540	234	203	1873	1842	2761	2901	0	807	{22464: {'hap1': (7462, 623), 'hap2': (5037, 665)}}	{22725: {'hap1': (7392, 406), 'hap2': (4259, 624)}}
204	22725	22968	000000F	31424261	31449422	25161	243540	15704	203	17	1842	95	2901	220	0	340	{22725: {'hap1': (7392, 406), 'hap2': (4259, 624)}}	{22968: {'hap1': (513, 51), 'hap2': (263, 74)}}
205	22968	22986	000000F	31465126	31514328	49202	15704	190194	17	144	95	1217	220	2136	0	616	{22968: {'hap1': (513, 51), 'hap2': (263, 74)}}	{22986: {'hap1': (4195, 356), 'hap2': (3327, 360)}}
206	22986	23146	000000F	31704522	31724400	19878	190194	32958	144	17	1217	229	2136	402	0	315	{22986: {'hap1': (4195, 356), 'hap2': (3327, 360)}}	{23146: {'hap1': (470, 61), 'hap2': (268, 27)}}
207	23146	23167	000000F	31757358	31769746	12388	32958	3531	17	2	229	31	402	128	0	212	{23146: {'hap1': (470, 61), 'hap2': (268, 27)}}	{23167: {'hap1': (26, 4), 'hap2': (32, 0)}}
208	23167	23169	000000F	31773277	31788691	15414	3531	381853	2	511	31	3068	128	5138	0	235	{23167: {'hap1': (26, 4), 'hap2': (32, 0)}}	{23169: {'hap1': (13519, 1765), 'hap2': (14804, 967)}}
209	23169	23753	000000F	32170544	32251312	80768	381853	25156	511	3	3068	10	5138	358	0	926	{23169: {'hap1': (13519, 1765), 'hap2': (14804, 967)}}	{23753: {'hap1': (12, 2), 'hap2': (6, 0)}}
210	23753	23764	000000F	32276468	32297398	20930	25156	1129	3	2	10	44	358	92	0	326	{23753: {'hap1': (12, 2), 'hap2': (6, 0)}}	{23764: {'hap1': (52, 0), 'hap2': (36, 0)}}
211	23764	23768	000000F	32298527	32317277	18750	1129	55038	2	10	44	148	92	703	0	280	{23764: {'hap1': (52, 0), 'hap2': (36, 0)}}	{23768: {'hap1': (112, 45), 'hap2': (247, 6)}}
212	23768	23780	000000F	32372315	32383980	11665	55038	19251	10	44	148	231	703	276	0	213	{23768: {'hap1': (112, 45), 'hap2': (247, 6)}}	{23780: {'hap1': (607, 143), 'hap2': (1547, 50)}}
213	23780	23828	000000F	32403231	32422924	19693	19251	17730	44	62	231	217	276	381	0	307	{23780: {'hap1': (607, 143), 'hap2': (1547, 50)}}	{23828: {'hap1': (648, 77), 'hap2': (2132, 338)}}
214	23828	23901	000000F	32440654	32491859	51205	17730	107828	62	145	217	851	381	1319	0	585	{23828: {'hap1': (648, 77), 'hap2': (2132, 338)}}	{23901: {'hap1': (5358, 413), 'hap2': (2659, 341)}}
215	23901	24085	000000F	32599687	32616780	17093	107828	340785	145	230	851	2217	1319	3749	0	263	{23901: {'hap1': (5358, 413), 'hap2': (2659, 341)}}	{24085: {'hap1': (6097, 602), 'hap2': (5743, 647)}}
